OBJECTID,OBJECTID_1,COUNT,AREA,MIN,MAX,RANGE,MEAN,STD,SUM,MEDIAN,PCT90,PT_ID
1,1,91,23669100,0.000167937,0.275754035,0.275586098,0.010013962,0.033648899,0.911270539,0.001503924,0.011133236,SD020412
